Shipment_ID,Date,Zone,Transport_Mode,Shipment_Volume,Distance_km,Delivery_Time_hr,Transportation_Cost,On_Time
SHP0001,2026-02-21,North,Air,81.7,126.0,1.57,996.0,1
SHP0002,2026-01-15,North,Road,59.8,112.8,3.57,348.9,1
SHP0003,2026-03-13,North,Road,64.2,89.3,2.73,348.88,1
SHP0004,2026-03-02,North,Road,114.4,80.1,2.48,363.9,1
SHP0005,2026-01-21,West,Road,36.2,93.4,3.19,232.32,1
SHP0006,2026-03-24,North,Road,81.5,103.6,3.77,386.86,1
SHP0007,2026-03-28,South,Road,102.3,237.8,7.58,621.95,0
SHP0008,2026-03-16,Central,Rail,34.2,198.0,4.91,304.43,1
SHP0009,2026-03-16,North,Road,27.8,220.8,6.14,459.58,1
SHP0010,2026-03-29,Central,Road,60.4,218.6,6.06,524.7,1
SHP0011,2026-01-24,South,Road,18.7,280.6,8.75,556.74,0
SHP0012,2026-01-03,North,Road,79.0,88.0,2.36,339.88,1
SHP0013,2026-01-22,West,Road,95.2,166.5,5.49,497.99,1
SHP0014,2026-02-22,West,Road,31.0,43.2,1.86,153.2,1
SHP0015,2026-01-02,Central,Road,104.1,43.5,2.17,308.2,1
SHP0016,2026-03-29,West,Rail,122.5,156.5,3.35,419.99,1
SHP0017,2026-01-30,Central,Road,83.2,134.9,5.7,386.03,1
SHP0018,2026-02-07,South,Road,126.4,149.4,4.86,535.35,1
SHP0019,2026-01-02,North,Road,58.7,208.4,5.87,513.24,1
SHP0020,2026-03-05,West,Road,51.9,320.0,9.02,724.26,0
SHP0021,2026-03-01,Central,Road,65.1,146.9,4.6,412.32,1
SHP0022,2026-01-21,Central,Rail,39.0,132.6,3.81,232.91,1
SHP0023,2026-02-02,South,Rail,50.8,91.7,2.89,218.55,1
SHP0024,2026-03-17,South,Rail,69.9,239.9,5.33,432.19,1
SHP0025,2026-02-27,West,Road,74.6,97.1,3.85,322.73,1
SHP0026,2026-01-22,South,Road,86.9,123.1,4.03,396.38,1
SHP0027,2026-03-30,Central,Road,18.6,211.2,5.73,442.79,1
SHP0028,2026-02-18,Central,Road,234.0,153.9,4.93,689.13,1
SHP0029,2026-02-28,East,Rail,41.4,148.8,3.62,255.45,1
SHP0030,2026-02-11,West,Road,95.0,82.5,2.56,348.11,1
SHP0031,2026-03-01,West,Road,79.9,178.9,4.89,514.49,1
SHP0032,2026-03-21,North,Road,49.0,443.9,11.22,923.03,0
SHP0033,2026-01-15,Central,Road,90.8,58.6,3.34,294.01,1
SHP0034,2026-03-03,East,Road,41.9,68.1,2.2,213.85,1
SHP0035,2026-03-03,Central,Road,68.5,228.7,7.49,582.82,0
SHP0036,2026-02-16,South,Road,167.3,169.0,4.95,631.41,1
SHP0037,2026-03-03,Central,Rail,54.9,307.3,7.13,453.64,0
SHP0038,2026-02-20,South,Rail,72.0,89.8,2.63,272.36,1
SHP0039,2026-02-24,North,Road,38.0,242.0,7.0,545.27,1
SHP0040,2026-03-05,Central,Road,96.0,178.9,5.16,505.58,1
SHP0041,2026-01-03,North,Road,45.7,77.0,3.07,249.47,1
SHP0042,2026-02-20,South,Road,80.6,97.3,3.57,338.29,1
SHP0043,2026-01-07,Central,Road,111.6,148.1,4.64,538.7,1
SHP0044,2026-01-21,Central,Road,61.0,82.3,3.28,296.41,1
SHP0045,2026-03-14,East,Road,91.5,272.8,7.99,684.95,0
SHP0046,2026-02-08,West,Road,83.0,222.3,6.35,584.75,1
SHP0047,2026-01-18,East,Road,113.6,107.0,3.03,445.54,1
SHP0048,2026-01-04,South,Road,91.8,132.8,3.82,428.6,1
SHP0049,2026-03-30,South,Air,126.0,249.0,2.02,1857.08,1
SHP0050,2026-03-01,West,Rail,60.8,140.9,3.65,308.55,1
SHP0051,2026-01-14,West,Road,33.5,406.4,10.99,820.32,0
SHP0052,2026-01-09,West,Rail,26.1,198.7,3.95,278.68,1
SHP0053,2026-03-31,West,Road,27.8,84.9,2.49,212.32,1
SHP0054,2026-02-22,North,Rail,59.4,70.8,2.7,241.39,1
SHP0055,2026-01-02,East,Rail,75.8,263.8,5.75,456.41,1
SHP0056,2026-03-25,North,Road,47.6,110.7,3.78,304.57,1
SHP0057,2026-03-01,East,Road,16.5,159.6,4.17,346.11,1
SHP0058,2026-03-12,East,Road,48.1,11.0,0.62,151.1,1
SHP0059,2026-02-13,Central,Road,54.7,148.2,5.37,389.47,1
SHP0060,2026-01-08,South,Road,68.9,53.2,2.93,221.8,1
SHP0061,2026-02-16,North,Road,134.3,52.7,1.67,364.04,1
SHP0062,2026-02-04,North,Road,22.9,287.9,7.18,613.9,0
SHP0063,2026-03-19,West,Rail,96.5,119.8,3.13,351.38,1
SHP0064,2026-03-22,West,Air,92.0,115.8,0.92,934.03,1
SHP0065,2026-02-05,North,Road,61.0,428.4,10.73,932.67,0
SHP0066,2026-02-19,North,Road,84.4,252.3,6.34,636.45,1
SHP0067,2026-01-04,West,Road,63.1,342.8,8.95,781.65,0
SHP0068,2026-01-02,North,Road,91.1,293.5,7.37,728.5,0
SHP0069,2026-01-06,Central,Air,43.1,232.1,1.46,1589.53,1
SHP0070,2026-02-23,West,Road,40.3,334.3,9.09,736.69,0
SHP0071,2026-01-04,North,Road,21.5,88.4,2.98,231.6,1
SHP0072,2026-02-23,North,Road,84.6,81.1,3.05,335.18,1
SHP0073,2026-03-04,Central,Road,50.4,52.9,1.92,191.71,1
SHP0074,2026-01-18,South,Road,27.2,39.2,2.14,160.9,1
SHP0075,2026-03-31,South,Rail,40.6,157.6,5.0,297.23,1
SHP0076,2026-02-13,Central,Road,91.0,47.9,2.37,310.76,1
SHP0077,2026-02-03,Central,Road,75.4,66.6,3.36,308.27,1
SHP0078,2026-03-15,Central,Road,41.4,127.9,4.81,345.58,1
SHP0079,2026-03-03,West,Air,131.7,14.4,1.42,324.69,1
SHP0080,2026-01-14,South,Rail,67.0,139.8,3.82,305.06,1
SHP0081,2026-02-17,North,Road,87.7,148.0,4.68,439.82,1
SHP0082,2026-01-15,West,Road,74.6,412.8,11.14,909.09,0
SHP0083,2026-03-13,East,Road,60.0,167.0,5.06,415.71,1
SHP0084,2026-03-19,East,Road,84.8,157.8,4.05,459.42,1
SHP0085,2026-03-28,Central,Air,118.7,334.2,1.43,2399.78,1
SHP0086,2026-03-03,North,Road,59.5,126.3,3.21,353.62,1
SHP0087,2026-02-09,East,Road,99.5,164.6,4.6,490.74,1
SHP0088,2026-03-26,North,Road,47.6,253.6,7.21,569.95,0
SHP0089,2026-03-21,East,Road,155.9,89.6,2.44,466.46,1
SHP0090,2026-03-23,North,Road,44.2,254.6,7.38,523.45,0
SHP0091,2026-02-22,North,Rail,181.6,55.7,1.69,362.21,1
SHP0092,2026-01-24,North,Road,34.3,215.5,5.81,475.11,1
SHP0093,2026-01-26,West,Road,57.8,216.3,5.77,519.04,1
SHP0094,2026-03-30,West,Road,86.9,113.9,2.86,391.15,1
SHP0095,2026-03-01,East,Road,122.6,131.1,4.02,466.3,1
SHP0096,2026-02-10,Central,Road,144.3,353.8,10.59,917.32,0
SHP0097,2026-01-29,South,Road,135.1,137.2,4.44,513.91,1
SHP0098,2026-01-15,South,Rail,85.3,200.4,4.01,387.23,1
SHP0099,2026-02-14,Central,Road,45.7,151.4,5.36,403.45,1
SHP0100,2026-03-06,South,Road,110.2,94.9,2.73,396.35,1
SHP0101,2026-03-30,Central,Road,116.4,99.3,3.22,421.47,1
SHP0102,2026-03-12,North,Road,80.9,184.9,5.2,506.59,1
SHP0103,2026-01-09,Central,Air,52.4,313.7,2.2,2201.0,1
SHP0104,2026-03-29,North,Rail,37.5,58.2,1.5,173.51,1
SHP0105,2026-01-01,Central,Road,47.3,339.0,9.35,716.83,0
SHP0106,2026-01-08,East,Road,46.0,211.8,6.16,509.22,1
SHP0107,2026-03-29,Central,Road,70.8,126.4,4.79,353.4,1
SHP0108,2026-03-04,North,Road,112.8,178.4,5.71,550.03,1
SHP0109,2026-01-11,East,Road,73.5,209.7,6.65,543.15,1
SHP0110,2026-03-22,Central,Road,35.8,69.0,3.41,222.42,1
SHP0111,2026-01-08,East,Road,97.2,133.1,3.87,433.81,1
SHP0112,2026-02-04,West,Road,163.7,147.0,4.89,559.67,1
SHP0113,2026-02-04,West,Rail,73.1,43.7,2.0,193.13,1
SHP0114,2026-02-02,East,Road,48.2,236.0,6.65,543.58,1
SHP0115,2026-01-05,West,Road,40.1,97.9,3.41,259.35,1
SHP0116,2026-02-10,East,Rail,94.3,101.6,2.24,338.93,1
SHP0117,2026-01-28,Central,Road,142.0,139.3,4.25,479.6,1
SHP0118,2026-01-07,North,Road,59.3,190.7,5.4,473.25,1
SHP0119,2026-03-14,South,Road,52.4,182.6,5.61,454.75,1
SHP0120,2026-03-13,Central,Road,72.2,151.0,4.69,438.67,1
SHP0121,2026-01-12,Central,Rail,101.0,178.5,4.84,386.56,1
SHP0122,2026-02-03,East,Rail,46.3,91.3,3.4,234.56,1
SHP0123,2026-02-02,West,Road,77.9,161.2,4.05,432.5,1
SHP0124,2026-02-17,South,Road,89.0,201.7,6.26,539.17,1
SHP0125,2026-01-23,North,Road,92.3,100.4,3.26,383.8,1
SHP0126,2026-03-03,East,Road,38.2,149.1,4.55,387.04,1
SHP0127,2026-03-29,South,Road,42.6,204.3,5.87,449.89,1
SHP0128,2026-02-06,East,Air,72.7,139.2,1.07,1111.0,1
SHP0129,2026-02-13,North,Road,97.8,60.9,2.41,294.73,1
SHP0130,2026-03-27,Central,Air,177.2,310.6,2.0,2331.52,1
SHP0131,2026-02-04,Central,Road,36.7,279.6,7.37,609.72,0
SHP0132,2026-03-06,West,Road,78.9,146.1,4.37,425.84,1
SHP0133,2026-02-16,East,Road,69.5,336.5,8.17,749.92,0
SHP0134,2026-03-19,South,Rail,55.2,209.5,5.3,370.01,1
SHP0135,2026-01-03,Central,Rail,119.6,128.8,2.9,352.51,1
SHP0136,2026-01-01,West,Rail,91.7,92.6,3.15,262.11,1
SHP0137,2026-01-05,North,Road,93.1,69.3,2.74,307.26,1
SHP0138,2026-03-31,Central,Road,35.5,133.3,4.77,354.69,1
SHP0139,2026-01-14,Central,Rail,57.8,81.4,1.91,212.83,1
SHP0140,2026-01-27,Central,Road,71.4,86.2,3.3,340.32,1
SHP0141,2026-01-09,West,Road,75.8,179.3,5.79,508.22,1
SHP0142,2026-03-20,West,Road,198.4,56.0,2.1,478.17,1
SHP0143,2026-01-15,South,Air,59.5,44.7,0.82,432.82,1
SHP0144,2026-03-31,Central,Air,13.0,155.9,1.48,1075.53,1
SHP0145,2026-02-11,Central,Road,71.9,206.0,6.27,530.9,1
SHP0146,2026-03-18,North,Rail,89.2,186.3,3.9,384.98,1
SHP0147,2026-02-20,North,Air,71.5,45.6,1.56,448.45,1
SHP0148,2026-03-04,South,Road,9.3,91.7,3.35,196.61,1
SHP0149,2026-02-21,Central,Road,80.5,99.3,3.51,310.81,1
SHP0150,2026-01-04,Central,Air,90.5,47.9,0.93,520.07,1
SHP0151,2026-01-23,North,Road,33.4,149.6,4.68,363.89,1
SHP0152,2026-01-15,East,Road,48.0,166.7,4.98,416.77,1
SHP0153,2026-02-12,South,Road,67.4,130.3,3.95,391.29,1
SHP0154,2026-01-29,Central,Air,51.5,47.3,0.51,415.09,1
SHP0155,2026-02-05,Central,Air,56.0,406.7,2.55,2755.73,1
SHP0156,2026-01-13,Central,Air,80.9,85.6,1.52,723.82,1
SHP0157,2026-02-01,East,Road,49.7,250.6,6.92,595.2,1
SHP0158,2026-03-12,South,Rail,28.2,313.4,7.78,406.64,0
SHP0159,2026-02-28,South,Rail,107.1,113.2,3.25,294.3,1
SHP0160,2026-03-27,North,Road,38.8,186.6,5.11,427.45,1
SHP0161,2026-01-28,Central,Rail,62.5,56.9,1.92,224.41,1
SHP0162,2026-03-07,Central,Road,53.1,116.2,4.03,303.24,1
SHP0163,2026-02-11,Central,Road,35.8,190.3,6.0,417.15,1
SHP0164,2026-02-14,Central,Road,105.6,147.7,4.94,485.12,1
SHP0165,2026-03-03,East,Road,100.2,220.1,6.82,647.78,1
SHP0166,2026-02-26,West,Road,56.6,107.7,3.79,300.63,1
SHP0167,2026-01-06,Central,Road,69.1,250.6,7.31,578.41,0
SHP0168,2026-01-28,Central,Road,73.5,76.7,2.91,304.11,1
SHP0169,2026-01-28,South,Rail,37.0,188.0,4.74,326.38,1
SHP0170,2026-02-13,East,Road,40.0,101.0,2.8,273.57,1
SHP0171,2026-03-25,North,Road,68.5,42.1,1.98,198.04,1
SHP0172,2026-01-30,Central,Road,35.3,217.8,6.81,494.86,1
SHP0173,2026-03-03,West,Rail,68.2,90.3,2.54,261.34,1
SHP0174,2026-03-16,South,Road,15.8,72.6,2.64,224.56,1
SHP0175,2026-03-30,West,Road,55.0,285.4,6.81,654.05,1
SHP0176,2026-03-03,West,Rail,80.2,233.4,5.76,442.99,1
SHP0177,2026-01-01,South,Road,77.2,70.5,3.06,288.42,1
SHP0178,2026-01-27,North,Road,118.4,63.2,2.6,393.99,1
SHP0179,2026-03-03,West,Road,37.0,109.1,2.9,287.11,1
SHP0180,2026-03-18,East,Rail,66.5,66.5,2.63,210.19,1
SHP0181,2026-01-03,West,Road,107.6,320.7,8.43,827.75,0
SHP0182,2026-03-11,East,Rail,79.9,40.1,1.4,188.4,1
SHP0183,2026-03-13,Central,Road,101.9,375.4,9.86,850.7,0
SHP0184,2026-01-27,East,Air,35.4,183.8,0.5,1292.03,1
SHP0185,2026-01-09,East,Rail,71.8,203.9,5.03,381.32,1
SHP0186,2026-03-03,Central,Air,61.8,156.3,2.35,1151.91,1
SHP0187,2026-02-06,South,Road,72.8,45.3,2.2,258.19,1
SHP0188,2026-02-20,North,Rail,44.9,230.0,4.78,347.98,1
SHP0189,2026-02-13,North,Road,126.4,149.7,4.29,520.5,1
SHP0190,2026-01-24,West,Road,96.6,76.5,2.66,330.44,1
SHP0191,2026-03-20,West,Road,119.2,266.9,6.81,702.02,1
SHP0192,2026-02-28,West,Rail,80.1,255.5,5.51,451.11,1
SHP0193,2026-02-01,South,Air,47.4,267.6,1.91,1870.33,1
SHP0194,2026-03-29,North,Rail,93.4,246.3,5.84,502.88,1
SHP0195,2026-02-21,North,Road,127.1,103.6,3.37,447.98,1
SHP0196,2026-03-03,South,Road,80.0,200.7,5.27,487.06,1
SHP0197,2026-02-27,East,Rail,41.7,263.7,5.75,395.27,1
SHP0198,2026-02-21,South,Road,50.9,248.0,6.99,568.83,1
SHP0199,2026-01-12,East,Road,71.0,19.7,1.89,208.01,1
SHP0200,2026-02-08,Central,Road,134.9,140.0,5.38,519.66,1
SHP0201,2026-01-02,South,Road,154.7,91.5,4.04,485.25,1
SHP0202,2026-01-03,East,Road,43.5,318.4,8.13,689.12,0
SHP0203,2026-02-25,West,Road,83.1,141.3,5.26,458.67,1
SHP0204,2026-03-22,South,Road,50.6,191.4,5.92,457.64,1
SHP0205,2026-02-28,West,Road,33.4,164.7,5.65,390.84,1
SHP0206,2026-01-02,Central,Air,92.2,300.0,1.89,2156.62,1
SHP0207,2026-01-02,Central,Road,75.0,378.2,10.27,832.96,0
SHP0208,2026-02-23,North,Road,77.3,150.3,4.6,422.73,1
SHP0209,2026-03-28,Central,Road,63.9,169.7,5.51,437.76,1
SHP0210,2026-01-01,East,Road,80.9,309.8,8.74,716.68,0
SHP0211,2026-01-19,South,Air,79.4,67.5,1.26,618.14,1
SHP0212,2026-01-02,East,Rail,103.7,73.3,2.66,258.89,1
SHP0213,2026-02-22,Central,Road,44.6,95.7,4.01,255.07,1
SHP0214,2026-02-13,East,Road,106.0,227.5,6.12,658.23,1
SHP0215,2026-03-31,South,Rail,99.0,153.0,4.28,358.55,1
SHP0216,2026-02-01,West,Air,81.8,96.4,1.02,804.26,1
SHP0217,2026-03-11,South,Road,70.7,290.0,9.16,650.39,0
SHP0218,2026-02-01,North,Road,66.3,48.3,0.85,236.34,1
SHP0219,2026-03-09,North,Road,66.6,93.3,3.42,303.22,1
SHP0220,2026-02-24,North,Air,70.7,133.5,0.5,994.8,1
SHP0221,2026-03-16,North,Road,29.0,377.3,9.78,787.5,0
SHP0222,2026-02-25,North,Air,186.9,95.2,1.09,992.82,1
SHP0223,2026-01-17,West,Road,115.0,200.8,6.46,590.01,1
SHP0224,2026-02-07,North,Road,155.4,133.3,3.76,557.11,1
SHP0225,2026-01-24,South,Road,94.1,63.9,3.31,344.25,1
SHP0226,2026-03-10,Central,Road,49.8,198.6,5.6,490.71,1
SHP0227,2026-03-11,East,Road,87.9,121.8,4.31,412.3,1
SHP0228,2026-03-27,West,Road,103.2,104.2,3.27,401.58,1
SHP0229,2026-01-11,North,Road,41.7,56.8,2.29,219.82,1
SHP0230,2026-01-16,North,Rail,125.9,153.7,3.54,411.55,1
SHP0231,2026-03-14,North,Road,55.7,328.9,9.31,716.73,0
SHP0232,2026-02-28,North,Road,98.3,98.2,3.73,386.99,1
SHP0233,2026-03-11,South,Air,134.4,67.9,1.56,696.3,1
SHP0234,2026-03-21,North,Rail,79.9,42.3,1.15,210.78,1
SHP0235,2026-01-03,North,Air,134.8,39.0,0.67,517.66,1
SHP0236,2026-01-20,North,Air,29.9,135.5,0.76,987.29,1
SHP0237,2026-02-28,East,Road,37.3,154.7,3.47,356.48,1
SHP0238,2026-02-05,South,Road,44.5,185.2,6.18,457.68,1
SHP0239,2026-01-19,South,Rail,18.7,139.3,3.59,234.27,1
SHP0240,2026-03-31,East,Road,25.1,164.0,4.55,387.01,1
SHP0241,2026-03-08,West,Road,135.0,326.6,9.45,837.86,0
SHP0242,2026-01-19,North,Rail,119.6,289.7,5.95,526.52,1
SHP0243,2026-01-20,West,Road,51.2,281.6,7.33,638.99,0
SHP0244,2026-03-12,West,Road,181.1,257.8,7.04,810.29,0
SHP0245,2026-02-21,North,Road,59.6,213.8,5.48,539.24,1
SHP0246,2026-02-02,Central,Road,158.5,47.4,2.68,377.16,1
SHP0247,2026-02-09,Central,Road,160.0,128.2,4.28,551.44,1
SHP0248,2026-02-08,North,Road,49.7,173.0,4.79,449.87,1
SHP0249,2026-03-23,South,Rail,103.2,81.9,2.42,298.81,1
SHP0250,2026-01-01,Central,Road,117.0,357.7,9.87,885.26,0
SHP0251,2026-01-11,West,Road,49.1,119.2,3.88,339.91,1
SHP0252,2026-02-26,North,Rail,10.4,43.8,1.46,86.07,1
SHP0253,2026-03-30,South,Air,102.0,114.7,1.31,963.51,1
SHP0254,2026-02-19,South,Rail,43.8,187.8,4.58,345.24,1
SHP0255,2026-01-23,East,Rail,64.9,81.9,2.21,235.82,1
SHP0256,2026-01-31,West,Road,76.5,134.4,4.21,380.67,1
SHP0257,2026-02-11,South,Road,92.1,44.6,1.96,259.48,1
SHP0258,2026-01-07,East,Road,57.9,110.7,3.89,300.66,1
SHP0259,2026-01-16,West,Road,79.3,148.1,4.57,459.61,1
SHP0260,2026-03-31,North,Road,121.2,139.0,3.98,504.99,1
SHP0261,2026-03-01,South,Road,21.1,231.8,6.87,479.09,1
SHP0262,2026-01-02,West,Rail,30.7,75.5,2.34,144.71,1
SHP0263,2026-01-01,Central,Road,35.8,181.3,4.94,407.2,1
SHP0264,2026-02-17,East,Road,52.5,203.8,5.81,479.6,1
SHP0265,2026-01-12,East,Road,100.6,92.4,2.54,374.31,1
SHP0266,2026-03-10,North,Road,112.9,81.6,3.26,375.17,1
SHP0267,2026-02-06,East,Road,62.9,359.3,9.25,812.82,0
SHP0268,2026-02-01,East,Rail,63.0,121.3,3.36,263.06,1
SHP0269,2026-01-09,South,Road,131.3,186.4,5.35,566.58,1
SHP0270,2026-01-19,South,Road,77.1,191.2,5.78,489.4,1
SHP0271,2026-02-17,South,Road,57.0,53.4,3.02,227.61,1
SHP0272,2026-03-21,North,Rail,106.6,166.0,3.8,385.7,1
SHP0273,2026-01-03,South,Road,100.9,161.0,4.77,491.07,1
SHP0274,2026-01-20,South,Road,84.6,360.4,10.08,819.37,0
SHP0275,2026-01-24,South,Road,51.2,160.9,5.32,429.48,1
SHP0276,2026-02-23,North,Road,40.4,226.8,6.05,501.35,1
SHP0277,2026-02-02,Central,Rail,42.5,232.2,4.73,355.88,1
SHP0278,2026-01-24,East,Rail,43.9,123.8,2.78,258.72,1
SHP0279,2026-03-16,West,Road,41.8,435.3,11.67,879.43,0
SHP0280,2026-03-13,West,Rail,52.6,89.1,2.27,230.05,1
SHP0281,2026-02-05,East,Rail,69.1,44.2,1.6,207.06,1
SHP0282,2026-02-07,North,Rail,73.3,107.7,2.56,280.63,1
SHP0283,2026-03-25,East,Rail,36.8,38.1,0.62,119.05,1
SHP0284,2026-03-30,East,Road,78.7,93.0,2.71,358.33,1
SHP0285,2026-01-25,West,Road,72.7,147.0,4.8,463.16,1
SHP0286,2026-01-18,East,Road,65.8,170.5,3.79,453.92,1
SHP0287,2026-03-23,North,Rail,50.3,115.4,3.11,228.62,1
SHP0288,2026-03-07,South,Road,37.2,92.4,2.87,265.08,1
SHP0289,2026-02-23,South,Rail,91.7,106.7,3.41,326.08,1
SHP0290,2026-02-04,West,Rail,72.5,201.0,4.98,368.28,1
SHP0291,2026-03-21,East,Road,82.7,71.7,2.43,302.33,1
SHP0292,2026-03-02,South,Rail,55.6,92.7,2.81,237.62,1
SHP0293,2026-02-10,Central,Road,52.1,178.3,5.28,466.16,1
SHP0294,2026-02-02,West,Road,112.2,155.8,4.1,520.14,1
SHP0295,2026-03-09,South,Rail,212.8,42.4,2.74,458.1,1
SHP0296,2026-02-02,North,Road,59.7,262.5,6.76,601.32,1
SHP0297,2026-01-14,North,Rail,75.1,108.6,3.58,289.36,1
SHP0298,2026-01-21,South,Rail,66.7,66.0,2.01,207.99,1
SHP0299,2026-02-17,North,Road,44.2,55.1,2.45,224.54,1
SHP0300,2026-01-20,North,Road,54.9,264.6,6.69,625.33,1
SHP0301,2026-01-08,South,Road,167.7,26.2,2.06,377.21,1
SHP0302,2026-01-07,North,Road,47.4,187.5,5.22,446.47,1
SHP0303,2026-03-08,Central,Air,72.2,236.6,1.82,1691.97,1
SHP0304,2026-01-17,North,Road,49.1,114.4,3.9,356.91,1
SHP0305,2026-02-02,East,Road,67.5,341.0,8.71,757.24,0
SHP0306,2026-02-17,South,Road,47.4,74.6,2.33,268.76,1
SHP0307,2026-03-17,Central,Road,53.1,200.1,6.51,491.55,1
SHP0308,2026-02-28,North,Rail,29.9,157.0,3.24,252.52,1
SHP0309,2026-03-27,South,Road,73.0,365.8,10.14,793.34,0
SHP0310,2026-01-22,Central,Rail,57.6,122.8,4.07,271.81,1
SHP0311,2026-01-30,Central,Road,89.3,188.2,5.71,527.21,1
SHP0312,2026-02-07,Central,Air,67.5,156.4,2.3,1198.87,1
SHP0313,2026-02-20,South,Road,46.7,47.8,2.55,184.95,1
SHP0314,2026-02-23,North,Road,40.5,133.9,3.77,386.18,1
SHP0315,2026-01-08,West,Air,69.4,99.6,1.87,807.2,1
SHP0316,2026-01-27,Central,Road,127.0,157.0,4.62,540.3,1
SHP0317,2026-01-27,East,Air,51.4,190.4,1.08,1349.3,1
SHP0318,2026-01-21,East,Road,22.8,303.2,7.93,625.18,0
SHP0319,2026-01-30,South,Road,76.9,21.1,1.97,212.22,1
SHP0320,2026-01-28,West,Road,120.7,146.7,4.99,521.12,1
SHP0321,2026-03-05,North,Rail,90.4,58.3,2.43,235.2,1
SHP0322,2026-03-10,South,Road,34.8,201.7,6.1,482.54,1
SHP0323,2026-03-02,East,Road,73.9,449.9,11.39,976.96,0
SHP0324,2026-02-17,East,Road,103.5,118.5,2.8,435.2,1
SHP0325,2026-01-19,South,Road,55.5,86.6,2.67,281.25,1
SHP0326,2026-01-04,North,Road,52.0,108.2,4.27,301.45,1
SHP0327,2026-02-04,West,Rail,52.9,58.9,1.24,191.03,1
SHP0328,2026-03-05,South,Air,62.8,13.5,0.88,232.88,1
SHP0329,2026-02-18,East,Air,36.0,171.2,1.72,1184.06,1
SHP0330,2026-01-17,North,Rail,76.6,142.6,3.59,336.36,1
SHP0331,2026-02-13,East,Road,78.5,88.1,3.32,344.97,1
SHP0332,2026-01-30,East,Rail,79.4,68.6,2.29,232.31,1
SHP0333,2026-02-15,North,Road,68.0,235.6,7.17,556.27,0
SHP0334,2026-01-06,South,Road,35.4,289.2,8.22,610.29,0
SHP0335,2026-02-06,North,Road,61.0,158.8,4.98,424.97,1
SHP0336,2026-01-24,North,Road,154.3,27.8,1.24,342.59,1
SHP0337,2026-02-15,Central,Rail,77.8,130.5,4.04,309.71,1
SHP0338,2026-02-22,South,Road,44.8,178.7,5.28,436.81,1
SHP0339,2026-03-01,Central,Road,92.9,121.5,4.09,387.0,1
SHP0340,2026-03-04,South,Road,155.2,130.7,4.71,511.54,1
SHP0341,2026-03-26,West,Air,82.8,92.5,1.63,728.01,1
SHP0342,2026-02-01,West,Road,63.9,123.3,4.7,382.54,1
SHP0343,2026-03-28,East,Road,126.8,248.4,7.44,697.95,0
SHP0344,2026-02-02,East,Road,53.4,164.6,5.13,440.92,1
SHP0345,2026-03-08,South,Rail,111.0,101.9,2.28,315.31,1
SHP0346,2026-01-18,South,Road,51.4,121.8,4.92,342.06,1
SHP0347,2026-01-25,Central,Road,56.1,303.8,9.05,681.08,0
SHP0348,2026-02-23,Central,Road,100.3,69.6,2.71,320.68,1
SHP0349,2026-02-27,Central,Road,124.2,93.1,3.94,385.76,1
SHP0350,2026-03-08,North,Road,66.0,130.5,3.54,413.53,1
SHP0351,2026-02-15,West,Road,122.6,97.9,3.61,444.83,1
SHP0352,2026-01-24,Central,Air,83.6,295.6,1.51,2091.65,1
SHP0353,2026-02-01,North,Road,45.2,251.9,6.53,574.44,1
SHP0354,2026-02-16,North,Road,56.3,128.7,4.28,353.64,1
SHP0355,2026-03-27,West,Air,89.9,429.5,2.51,2961.66,1
SHP0356,2026-01-23,East,Road,130.5,172.1,5.04,599.52,1
SHP0357,2026-03-07,Central,Road,111.9,328.8,9.1,787.27,0
SHP0358,2026-01-27,North,Road,112.7,311.3,7.36,781.79,0
SHP0359,2026-01-02,West,Road,32.6,187.1,5.36,428.72,1
SHP0360,2026-03-31,South,Air,98.5,66.0,1.6,661.17,1
SHP0361,2026-01-17,North,Road,96.0,151.9,4.37,487.76,1
SHP0362,2026-02-02,North,Rail,79.7,91.0,2.54,240.49,1
SHP0363,2026-01-09,Central,Road,95.3,199.5,6.07,556.06,1
SHP0364,2026-02-12,West,Road,25.0,181.0,5.16,403.68,1
SHP0365,2026-02-17,East,Road,16.1,167.1,4.81,359.04,1
SHP0366,2026-02-08,South,Road,78.9,229.0,6.53,592.49,1
SHP0367,2026-02-11,Central,Road,67.4,176.4,6.25,441.74,1
SHP0368,2026-01-26,South,Rail,62.0,138.5,2.73,285.39,1
SHP0369,2026-02-19,Central,Road,85.6,62.3,2.64,301.28,1
SHP0370,2026-01-25,East,Air,76.8,97.0,0.64,808.29,1
SHP0371,2026-01-24,South,Road,81.4,73.5,3.05,308.37,1
SHP0372,2026-01-13,East,Rail,106.0,237.1,5.15,470.82,1
SHP0373,2026-03-01,South,Rail,52.6,133.0,4.35,268.56,1
SHP0374,2026-01-07,West,Rail,82.3,167.5,4.92,372.49,1
SHP0375,2026-02-26,East,Rail,49.2,107.7,2.41,237.72,1
SHP0376,2026-02-05,South,Rail,21.9,270.4,6.12,350.92,1
SHP0377,2026-02-14,Central,Road,59.6,207.1,6.42,486.9,1
SHP0378,2026-01-20,South,Road,113.8,155.7,4.55,481.91,1
SHP0379,2026-03-06,East,Road,43.3,142.0,4.46,390.41,1
SHP0380,2026-01-08,Central,Air,85.9,84.8,1.49,746.76,1
SHP0381,2026-01-16,West,Road,106.5,98.4,2.86,391.25,1
SHP0382,2026-01-14,North,Rail,99.0,47.9,1.65,247.82,1
SHP0383,2026-03-17,Central,Road,49.1,209.5,5.94,485.24,1
SHP0384,2026-03-28,West,Road,46.7,220.4,6.71,530.79,1
SHP0385,2026-01-15,South,Road,70.9,226.0,7.44,596.61,0
SHP0386,2026-03-07,North,Road,79.4,76.9,2.84,297.5,1
SHP0387,2026-02-01,West,Road,94.9,316.9,8.6,787.24,0
SHP0388,2026-03-28,West,Road,95.4,118.8,3.9,411.52,1
SHP0389,2026-03-04,East,Road,214.6,195.4,5.98,747.72,1
SHP0390,2026-03-27,Central,Road,135.9,61.3,3.38,403.45,1
SHP0391,2026-02-20,West,Road,57.9,278.1,7.57,633.83,0
SHP0392,2026-01-25,North,Road,173.9,215.5,6.14,723.86,1
SHP0393,2026-02-27,South,Rail,37.2,122.0,3.71,236.91,1
SHP0394,2026-03-04,South,Road,39.5,108.4,3.27,268.01,1
SHP0395,2026-03-03,West,Road,101.1,212.5,6.61,594.56,1
SHP0396,2026-01-22,North,Road,60.9,277.7,8.29,628.26,0
SHP0397,2026-02-27,East,Road,136.2,85.2,3.35,394.32,1
SHP0398,2026-02-27,West,Road,93.5,138.1,3.73,433.22,1
SHP0399,2026-03-27,Central,Road,65.9,105.9,3.03,328.19,1
SHP0400,2026-02-18,South,Road,63.3,285.1,8.31,674.33,0
SHP0401,2026-02-21,Central,Road,62.1,99.3,3.42,300.16,1
SHP0402,2026-02-11,North,Road,19.1,63.1,2.53,166.83,1
SHP0403,2026-03-11,Central,Rail,42.5,218.0,6.05,351.29,1
SHP0404,2026-01-15,North,Rail,48.5,302.2,6.1,426.01,1
SHP0405,2026-02-23,South,Road,115.5,210.8,6.05,598.93,1
SHP0406,2026-03-01,West,Road,51.1,265.5,7.45,569.81,0
SHP0407,2026-01-08,North,Road,83.8,413.2,10.15,937.78,0
SHP0408,2026-02-22,South,Road,63.4,367.5,9.61,798.86,0
SHP0409,2026-03-01,West,Air,42.7,369.8,1.89,2511.0,1
SHP0410,2026-01-05,West,Road,79.5,106.8,3.41,378.88,1
SHP0411,2026-03-09,West,Road,68.9,219.4,6.5,534.05,1
SHP0412,2026-01-06,West,Road,115.1,161.4,6.09,515.57,1
SHP0413,2026-02-16,East,Rail,56.4,159.7,3.75,287.54,1
SHP0414,2026-02-24,South,Road,49.0,271.8,7.29,588.49,0
SHP0415,2026-02-09,South,Road,103.4,201.7,6.64,557.27,1
SHP0416,2026-02-21,North,Road,63.4,140.8,3.54,387.36,1
SHP0417,2026-01-16,Central,Road,107.6,95.5,3.05,382.89,1
SHP0418,2026-01-13,East,Road,52.1,202.7,5.36,493.63,1
SHP0419,2026-01-30,South,Road,74.9,132.7,4.23,385.15,1
SHP0420,2026-01-19,East,Road,50.0,271.1,6.98,613.73,1
SHP0421,2026-01-17,Central,Road,44.1,266.3,7.73,598.04,0
SHP0422,2026-03-04,North,Road,17.0,186.0,5.45,390.28,1
SHP0423,2026-01-19,East,Road,138.5,72.7,3.01,386.82,1
SHP0424,2026-02-27,East,Road,53.6,113.8,3.55,332.49,1
SHP0425,2026-02-24,West,Road,89.3,378.4,9.76,864.28,0
SHP0426,2026-03-31,North,Rail,63.8,198.8,4.97,366.11,1
SHP0427,2026-03-31,Central,Road,120.1,301.6,8.21,810.31,0
SHP0428,2026-03-03,Central,Road,24.5,75.1,2.45,213.07,1
SHP0429,2026-01-23,East,Road,77.2,629.4,16.33,1287.65,0
SHP0430,2026-01-09,West,Road,100.1,42.6,2.53,265.81,1
SHP0431,2026-01-12,Central,Rail,71.7,200.6,4.69,362.21,1
SHP0432,2026-01-01,West,Road,46.4,39.4,1.76,158.47,1
SHP0433,2026-02-27,North,Air,25.2,271.0,1.13,1856.13,1
SHP0434,2026-01-01,East,Road,49.2,85.4,2.98,232.16,1
SHP0435,2026-02-03,West,Road,20.7,133.7,4.96,319.64,1
SHP0436,2026-02-17,East,Rail,98.9,178.5,4.36,383.85,1
SHP0437,2026-03-30,West,Rail,87.6,230.8,5.66,428.58,1
SHP0438,2026-01-01,Central,Rail,104.0,132.2,4.17,341.06,1
SHP0439,2026-01-16,Central,Rail,41.3,166.5,4.43,314.39,1
SHP0440,2026-03-02,East,Road,37.6,174.1,5.43,412.59,1
SHP0441,2026-03-05,North,Rail,90.0,153.5,4.03,371.08,1
SHP0442,2026-03-04,Central,Road,88.4,130.9,5.16,444.31,1
SHP0443,2026-03-10,Central,Rail,23.0,107.3,3.14,195.07,1
SHP0444,2026-01-22,North,Road,47.8,179.7,4.4,418.2,1
SHP0445,2026-03-08,Central,Rail,142.2,176.2,5.07,466.59,1
SHP0446,2026-03-17,Central,Road,101.0,94.6,3.81,363.62,1
SHP0447,2026-01-26,East,Road,61.0,131.3,3.79,365.98,1
SHP0448,2026-01-16,East,Road,34.9,39.7,1.64,164.09,1
SHP0449,2026-02-20,South,Rail,40.7,126.9,4.66,241.37,1
SHP0450,2026-03-27,North,Road,55.5,40.8,1.58,210.21,1
SHP0451,2026-02-26,South,Road,30.6,108.9,3.41,293.07,1
SHP0452,2026-01-29,Central,Road,122.0,73.1,3.18,371.57,1
SHP0453,2026-03-19,North,Road,116.8,88.4,3.54,399.94,1
SHP0454,2026-03-10,South,Rail,35.6,307.2,7.81,423.55,0
SHP0455,2026-02-16,South,Road,160.3,66.3,3.07,450.52,1
SHP0456,2026-03-03,East,Air,54.5,115.2,0.5,866.27,1
SHP0457,2026-03-10,Central,Road,69.8,178.6,6.54,496.69,1
SHP0458,2026-03-17,South,Road,54.1,33.0,1.98,159.8,1
SHP0459,2026-01-16,South,Rail,37.5,133.6,3.25,238.86,1
SHP0460,2026-03-31,West,Road,57.6,168.9,4.54,430.98,1
SHP0461,2026-03-31,East,Road,23.3,70.4,2.85,206.35,1
SHP0462,2026-02-17,South,Road,57.8,52.2,2.55,242.73,1
SHP0463,2026-03-26,East,Rail,66.3,228.6,5.11,376.68,1
SHP0464,2026-02-08,North,Road,78.0,34.1,2.29,209.04,1
SHP0465,2026-02-02,North,Air,28.1,114.1,0.81,799.19,1
SHP0466,2026-01-23,East,Air,29.1,63.9,1.57,523.58,1
SHP0467,2026-01-10,South,Road,76.3,21.3,1.47,208.41,1
SHP0468,2026-03-10,Central,Road,35.6,273.3,8.88,567.94,0
SHP0469,2026-02-03,South,Road,62.1,216.8,6.63,522.83,1
SHP0470,2026-02-21,East,Road,122.7,286.3,7.2,780.2,0
SHP0471,2026-01-10,West,Road,33.8,159.3,3.88,374.19,1
SHP0472,2026-01-19,North,Road,43.3,63.9,2.79,217.56,1
SHP0473,2026-02-27,West,Road,109.5,106.2,3.36,398.25,1
SHP0474,2026-01-01,North,Rail,22.9,50.3,1.74,110.81,1
SHP0475,2026-03-10,Central,Rail,62.6,123.5,3.99,298.57,1
SHP0476,2026-01-04,North,Rail,80.4,263.2,6.14,491.33,1
SHP0477,2026-01-16,South,Road,106.5,106.8,4.29,390.56,1
SHP0478,2026-01-24,North,Road,54.9,179.9,4.65,477.44,1
SHP0479,2026-03-21,Central,Road,33.5,171.5,6.12,391.88,1
SHP0480,2026-01-02,East,Air,28.4,60.4,0.68,485.49,1
SHP0481,2026-02-01,East,Road,78.5,61.4,1.25,304.35,1
SHP0482,2026-03-25,North,Rail,79.4,214.4,4.27,403.21,1
SHP0483,2026-01-24,West,Road,152.9,80.2,3.01,433.39,1
SHP0484,2026-01-12,South,Road,57.6,185.8,5.18,481.78,1
SHP0485,2026-02-19,Central,Rail,80.0,79.3,2.8,238.25,1
SHP0486,2026-02-04,South,Road,65.3,91.4,3.53,331.18,1
SHP0487,2026-02-02,North,Rail,35.8,183.6,4.16,300.39,1
SHP0488,2026-02-02,North,Air,79.0,130.2,0.99,1005.2,1
SHP0489,2026-03-02,East,Road,113.6,117.4,3.03,428.56,1
SHP0490,2026-02-20,East,Road,94.8,74.2,2.58,304.82,1
SHP0491,2026-02-12,North,Road,47.0,157.4,3.72,388.57,1
SHP0492,2026-01-12,West,Air,216.8,83.1,0.89,938.96,1
SHP0493,2026-03-08,East,Road,60.5,198.5,5.11,476.05,1
SHP0494,2026-03-06,East,Road,121.0,75.2,2.48,375.24,1
SHP0495,2026-02-02,East,Road,58.3,116.6,3.48,352.5,1
SHP0496,2026-02-09,South,Rail,119.6,200.6,5.28,455.14,1
SHP0497,2026-03-15,East,Road,62.6,174.9,5.68,468.17,1
SHP0498,2026-02-12,North,Rail,64.9,183.0,3.72,332.1,1
SHP0499,2026-02-13,North,Air,111.5,134.3,2.12,1115.56,1
SHP0500,2026-01-29,Central,Road,164.4,64.0,2.57,431.87,1
